{
  "version": 1,
  "author": "João Gonçalez",
  "editor": "wokwi",
  "parts": [
    { "type": "wokwi-breadboard-half", "id": "bb1", "top": -223.8, "left": -26, "attrs": {} },
    { "type": "wokwi-arduino-uno", "id": "uno", "top": 0.6, "left": -106.2, "attrs": {} },
    { "type": "wokwi-led", "id": "led1", "top": -147.6, "left": 3.8, "attrs": { "color": "red" } },
    { "type": "wokwi-led", "id": "led2", "top": -147.6, "left": 23, "attrs": { "color": "red" } },
    {
      "type": "wokwi-led",
      "id": "led5",
      "top": -147.6,
      "left": 51.8,
      "attrs": { "color": "red" }
    },
    {
      "type": "wokwi-resistor",
      "id": "r1",
      "top": -62.4,
      "left": -10.15,
      "rotate": 90,
      "attrs": { "value": "1000" }
    },
    {
      "type": "wokwi-resistor",
      "id": "r2",
      "top": -62.4,
      "left": 9.05,
      "rotate": 90,
      "attrs": { "value": "1000" }
    },
    {
      "type": "wokwi-resistor",
      "id": "r3",
      "top": -62.4,
      "left": 37.85,
      "rotate": 90,
      "attrs": { "value": "1000" }
    },
    {
      "type": "wokwi-resistor",
      "id": "r4",
      "top": -62.4,
      "left": 57.05,
      "rotate": 90,
      "attrs": { "value": "1000" }
    },
    { "type": "wokwi-led", "id": "led3", "top": -147.6, "left": 71, "attrs": { "color": "red" } },
    {
      "type": "wokwi-led",
      "id": "led4",
      "top": -147.6,
      "left": 90.2,
      "attrs": { "color": "red" }
    },
    {
      "type": "wokwi-led",
      "id": "led6",
      "top": -147.6,
      "left": 109.4,
      "attrs": { "color": "red" }
    },
    {
      "type": "wokwi-led",
      "id": "led7",
      "top": -147.6,
      "left": 138.2,
      "attrs": { "color": "red" }
    },
    {
      "type": "wokwi-resistor",
      "id": "r5",
      "top": -62.4,
      "left": 76.25,
      "rotate": 90,
      "attrs": { "value": "1000" }
    },
    {
      "type": "wokwi-resistor",
      "id": "r6",
      "top": -62.4,
      "left": 95.45,
      "rotate": 90,
      "attrs": { "value": "1000" }
    },
    {
      "type": "wokwi-resistor",
      "id": "r7",
      "top": -62.4,
      "left": 124.25,
      "rotate": 90,
      "attrs": { "value": "1000" }
    },
    {
      "type": "wokwi-resistor",
      "id": "r8",
      "top": -62.4,
      "left": 153.05,
      "rotate": 90,
      "attrs": { "value": "1000" }
    },
    { "type": "wokwi-led", "id": "led8", "top": -147.6, "left": 167, "attrs": { "color": "red" } }
  ],
  "connections": [
    [ "uno:GND.1", "bb1:bn.1", "black", [ "v0" ] ],
    [ "uno:13", "bb1:4b.j", "green", [ "v-19.2", "h10" ] ],
    [ "uno:12", "bb1:6b.j", "green", [ "h19.7", "v-76.8" ] ],
    [ "uno:11", "bb1:9b.j", "green", [ "h39", "v-76.8" ] ],
    [ "uno:10", "bb1:11b.j", "green", [ "h19.9", "v-19.2", "h28.8" ] ],
    [ "uno:9", "bb1:13b.j", "green", [ "v-19.2", "h58.4" ] ],
    [ "uno:8", "bb1:15b.j", "green", [ "v-19.2", "h67.6" ] ],
    [ "r2:1", "bb1:5b.h", "", [ "$bb" ] ],
    [ "r2:2", "bb1:bn.4", "", [ "$bb" ] ],
    [ "led5:A", "bb1:9b.f", "", [ "$bb" ] ],
    [ "led5:C", "bb1:8b.f", "", [ "$bb" ] ],
    [ "r1:1", "bb1:3b.h", "", [ "$bb" ] ],
    [ "r1:2", "bb1:bn.2", "", [ "$bb" ] ],
    [ "r3:1", "bb1:8b.h", "", [ "$bb" ] ],
    [ "r3:2", "bb1:bn.6", "", [ "$bb" ] ],
    [ "r4:1", "bb1:10b.h", "", [ "$bb" ] ],
    [ "r4:2", "bb1:bn.8", "", [ "$bb" ] ],
    [ "led1:A", "bb1:4b.f", "", [ "$bb" ] ],
    [ "led1:C", "bb1:3b.f", "", [ "$bb" ] ],
    [ "led2:A", "bb1:6b.f", "", [ "$bb" ] ],
    [ "led2:C", "bb1:5b.f", "", [ "$bb" ] ],
    [ "led3:A", "bb1:11b.f", "", [ "$bb" ] ],
    [ "led3:C", "bb1:10b.f", "", [ "$bb" ] ],
    [ "led4:A", "bb1:13b.f", "", [ "$bb" ] ],
    [ "led4:C", "bb1:12b.f", "", [ "$bb" ] ],
    [ "led6:A", "bb1:15b.f", "", [ "$bb" ] ],
    [ "led6:C", "bb1:14b.f", "", [ "$bb" ] ],
    [ "led7:A", "bb1:18b.f", "", [ "$bb" ] ],
    [ "led7:C", "bb1:17b.f", "", [ "$bb" ] ],
    [ "r5:1", "bb1:12b.h", "", [ "$bb" ] ],
    [ "r5:2", "bb1:bn.10", "", [ "$bb" ] ],
    [ "r6:1", "bb1:14b.h", "", [ "$bb" ] ],
    [ "r6:2", "bb1:bn.11", "", [ "$bb" ] ],
    [ "r7:1", "bb1:17b.h", "", [ "$bb" ] ],
    [ "r7:2", "bb1:bn.14", "", [ "$bb" ] ],
    [ "r8:1", "bb1:20b.h", "", [ "$bb" ] ],
    [ "r8:2", "bb1:bn.16", "", [ "$bb" ] ],
    [ "led8:A", "bb1:21b.f", "", [ "$bb" ] ],
    [ "led8:C", "bb1:20b.f", "", [ "$bb" ] ],
    [ "uno:6", "bb1:21b.j", "green", [ "v-19.2", "h99.7" ] ],
    [ "uno:7", "bb1:18b.j", "green", [ "v-19.2", "h80.4" ] ]
  ],
  "dependencies": {}
}