{
  "version": 1,
  "author": "João Gonçalez",
  "editor": "wokwi",
  "parts": [
    { "type": "wokwi-breadboard-half", "id": "bb2", "top": -195, "left": -160.4, "attrs": {} },
    { "type": "wokwi-arduino-uno", "id": "uno", "top": 39, "left": -240.6, "attrs": {} },
    {
      "type": "wokwi-led",
      "id": "led1",
      "top": -118.8,
      "left": 13.4,
      "attrs": { "color": "red" }
    },
    {
      "type": "wokwi-led",
      "id": "led2",
      "top": -118.8,
      "left": -5.8,
      "attrs": { "color": "red" }
    },
    {
      "type": "wokwi-led",
      "id": "led3",
      "top": -118.8,
      "left": -44.2,
      "attrs": { "color": "red" }
    },
    { "type": "wokwi-led", "id": "led4", "top": -118.8, "left": -25, "attrs": { "color": "red" } },
    {
      "type": "wokwi-led",
      "id": "led5",
      "top": -118.8,
      "left": -63.4,
      "attrs": { "color": "red" }
    },
    {
      "type": "wokwi-led",
      "id": "led6",
      "top": -118.8,
      "left": -82.6,
      "attrs": { "color": "red" }
    },
    {
      "type": "wokwi-led",
      "id": "led7",
      "top": -118.8,
      "left": -101.8,
      "attrs": { "color": "red" }
    },
    {
      "type": "wokwi-led",
      "id": "led8",
      "top": -118.8,
      "left": -121,
      "attrs": { "color": "red" }
    },
    {
      "type": "wokwi-resistor",
      "id": "r1",
      "top": -33.6,
      "left": -134.95,
      "rotate": 90,
      "attrs": { "value": "1000" }
    },
    {
      "type": "wokwi-resistor",
      "id": "r2",
      "top": -33.6,
      "left": -115.75,
      "rotate": 90,
      "attrs": { "value": "1000" }
    },
    {
      "type": "wokwi-resistor",
      "id": "r3",
      "top": -33.6,
      "left": -96.55,
      "rotate": 90,
      "attrs": { "value": "1000" }
    },
    {
      "type": "wokwi-resistor",
      "id": "r4",
      "top": -33.6,
      "left": -77.35,
      "rotate": 90,
      "attrs": { "value": "1000" }
    },
    {
      "type": "wokwi-resistor",
      "id": "r5",
      "top": -33.6,
      "left": -58.15,
      "rotate": 90,
      "attrs": { "value": "1000" }
    },
    {
      "type": "wokwi-resistor",
      "id": "r6",
      "top": -33.6,
      "left": -38.95,
      "rotate": 90,
      "attrs": { "value": "1000" }
    },
    {
      "type": "wokwi-resistor",
      "id": "r7",
      "top": -33.6,
      "left": -19.75,
      "rotate": 90,
      "attrs": { "value": "1000" }
    },
    {
      "type": "wokwi-resistor",
      "id": "r8",
      "top": -33.6,
      "left": -0.55,
      "rotate": 90,
      "attrs": { "value": "1000" }
    }
  ],
  "connections": [
    [ "uno:GND.1", "bb2:bn.1", "black", [ "v0" ] ],
    [ "led1:A", "bb2:19b.f", "", [ "$bb" ] ],
    [ "led1:C", "bb2:18b.f", "", [ "$bb" ] ],
    [ "led2:A", "bb2:17b.f", "", [ "$bb" ] ],
    [ "led2:C", "bb2:16b.f", "", [ "$bb" ] ],
    [ "led3:A", "bb2:13b.f", "", [ "$bb" ] ],
    [ "led3:C", "bb2:12b.f", "", [ "$bb" ] ],
    [ "led4:A", "bb2:15b.f", "", [ "$bb" ] ],
    [ "led4:C", "bb2:14b.f", "", [ "$bb" ] ],
    [ "led5:A", "bb2:11b.f", "", [ "$bb" ] ],
    [ "led5:C", "bb2:10b.f", "", [ "$bb" ] ],
    [ "led6:A", "bb2:9b.f", "", [ "$bb" ] ],
    [ "led6:C", "bb2:8b.f", "", [ "$bb" ] ],
    [ "led7:A", "bb2:7b.f", "", [ "$bb" ] ],
    [ "led7:C", "bb2:6b.f", "", [ "$bb" ] ],
    [ "led8:A", "bb2:5b.f", "", [ "$bb" ] ],
    [ "led8:C", "bb2:4b.f", "", [ "$bb" ] ],
    [ "r1:1", "bb2:4b.h", "", [ "$bb" ] ],
    [ "r1:2", "bb2:bn.3", "", [ "$bb" ] ],
    [ "r2:1", "bb2:6b.h", "", [ "$bb" ] ],
    [ "r2:2", "bb2:bn.5", "", [ "$bb" ] ],
    [ "r3:1", "bb2:8b.h", "", [ "$bb" ] ],
    [ "r3:2", "bb2:bn.6", "", [ "$bb" ] ],
    [ "r4:1", "bb2:10b.h", "", [ "$bb" ] ],
    [ "r4:2", "bb2:bn.8", "", [ "$bb" ] ],
    [ "r5:1", "bb2:12b.h", "", [ "$bb" ] ],
    [ "r5:2", "bb2:bn.10", "", [ "$bb" ] ],
    [ "r6:1", "bb2:14b.h", "", [ "$bb" ] ],
    [ "r6:2", "bb2:bn.11", "", [ "$bb" ] ],
    [ "r7:1", "bb2:16b.h", "", [ "$bb" ] ],
    [ "r7:2", "bb2:bn.13", "", [ "$bb" ] ],
    [ "r8:1", "bb2:18b.h", "", [ "$bb" ] ],
    [ "r8:2", "bb2:bn.15", "", [ "$bb" ] ],
    [ "uno:13", "bb2:5b.j", "green", [ "v0" ] ],
    [ "uno:12", "bb2:7b.j", "green", [ "v0" ] ],
    [ "uno:11", "bb2:9b.j", "green", [ "v0" ] ],
    [ "uno:10", "bb2:11b.j", "green", [ "v0" ] ],
    [ "uno:9", "bb2:13b.j", "green", [ "v0" ] ],
    [ "uno:8", "bb2:15b.j", "green", [ "v0" ] ],
    [ "uno:7", "bb2:17b.j", "green", [ "v0" ] ],
    [ "uno:6", "bb2:19b.j", "green", [ "v0" ] ]
  ],
  "dependencies": {}
}